{
"name":"user"
,"version":"0.0.1"
,"directory":"user"
,"verbs":{
	"addUserForm":{"method":"get", 	"route":"/userForm",	"action":"addUserForm"}
	"addUser":{"method":"post", 	"route":"/userForm",	"action":"addUser"}
	, "modUserForm":{"method":"get", "route":"/userForm/:user_id", "action":"modUserForm"}
	, "modUser":{"method":"post", "route":"/userForm/:user_id", "action":"modUser"}
	, "addGroup":{"method":"post", "route":"/groupForm", "action":"addGroup"}
	, "modGroup":{"method":"get", "route":"/groupForm/:id_no", "action":"modGroup"}
	, "userList":{"method":"post","route":"/userList", "action":"userList"}
	, "modAuth":{"method":"post", "route":"/controlTower/modAuth", "action":"modAuth"}
	}
}